model,sentiment_macro_f1,mention_macro_f1,training_time_sec,evaluation_time_sec,misclassified_aspects
TFIDF_LR,0.5178908264079038,0.9100580977552586,1.01,0.058418884277343,248
KcELECTRA,0.5762983673589334,0.9412335731414868,146.5005578994751,1.0403742790222168,154
Qwen,0.447360237191673,0.8107762942129793,0.0,1801.812245130539,481
